Player,pos,Team,FPTS,avg,,,,,,,,,,ATT,CMP,YDS,TDS,INTS,ATT,YDS,TDS,FL
,,,,,,,,,,,,,,,,,,,,,,
Jahmyr Gibbs,RB,DET,372.6,21.92,,,,,,,,,,274.4,"1,381.00",13.8,70.9,580.3,4.1,,,
Josh Allen,QB,BUF,372.2,21.89,,,,,,,,,,491.6,333,"3,812.70",27.4,11.2,118.1,585.5,11.8,4.1
Bijan Robinson,RB,ATL,370,21.76,,,,,,,,,,289.6,"1,427.40",9.5,79.6,736.4,3.5,,,
Puka Nacua,WR,LAR,339.8,19.99,,,,,,,,,,117,"1,539.00",9,13.6,85,1.4,1,,
Ja'Marr Chase,WR,CIN,335.6,19.74,,,,,,,,,,121.2,"1,510.40",10.6,3,17,0,1,,
Christian McCaffrey,RB,SF,327.8,19.28,,,,,,,,,,269.4,"1,093.30",8.7,74.9,657.2,4.6,,,
Drake Maye,QB,NE,326.9,19.23,,,,,,,,,,503.9,346,"4,063.40",28.3,10.4,100.3,505.2,3.7,5.6
Lamar Jackson,QB,BAL,324.8,19.11,,,,,,,,,,448.6,291.6,"3,650.30",28.3,9.6,118.4,639.9,3.2,4.2
Jayden Daniels,QB,WAS,324.5,19.09,,,,,,,,,,495.4,323.5,"3,697.10",24.1,11,130,685.3,4.7,2.8
Jaxon Smith-Njigba,WR,SEA,324.1,19.06,,,,,,,,,,110.9,"1,568.40",9.2,5.5,30.4,0.1,1.1,,
Jalen Hurts,QB,PHI,320.6,18.86,,,,,,,,,,488,316.9,"3,571.20",24.2,7.4,111.8,461.4,8.4,4
Amon-Ra St. Brown,WR,DET,319.5,18.79,,,,,,,,,,117,"1,390.50",10.5,3.1,11.8,0,0.4,,
Jonathan Taylor,RB,IND,312.5,18.38,,,,,,,,,,327.4,"1,509.80",12.9,45.1,338.2,1.5,,,
Jaxson Dart,QB,NYG,311.7,18.34,,,,,,,,,,509.9,324.8,"3,592.90",22.6,11.1,100.9,549.4,6.5,2.9
Joe Burrow,QB,CIN,310.8,18.28,,,,,,,,,,589.7,394.5,"4,170.50",33.3,11.6,48.3,179.1,1.4,1.9
Dak Prescott,QB,DAL,306.3,18.02,,,,,,,,,,582.3,384.7,"4,296.50",30.9,11.3,49.1,173.3,1.7,2.8
Brock Purdy,QB,SF,306,18.00,,,,,,,,,,542.5,366.3,"4,119.50",27.7,14.3,70.5,304.1,3.8,4.3
Trevor Lawrence,QB,JAX,304,17.88,,,,,,,,,,545.5,335.4,"3,894.30",26.6,13,72.5,321.1,4.9,3.4
Patrick Mahomes II,QB,KC,303.6,17.86,,,,,,,,,,554.7,353.3,"3,832.50",27.4,11.6,60.4,359.1,3.4,2
Justin Herbert,QB,LAC,300.3,17.66,,,,,,,,,,529.6,349.8,"3,859.10",26.2,11.7,78.4,459,2.1,2.8
Caleb Williams,QB,CHI,300,17.65,,,,,,,,,,547.8,326.2,"3,828.30",27.4,9.3,79,398,2.1,3
Bo Nix,QB,DEN,297.8,17.52,,,,,,,,,,555.2,355.3,"3,743.70",26.8,11,79.1,341.2,3.6,2
Matthew Stafford,QB,LAR,294,17.29,,,,,,,,,,546.9,352.7,"4,191.60",34,8.6,23.7,33.1,0.2,2.8
De'Von Achane,RB,MIA,292,17.18,,,,,,,,,,237.9,"1,197.50",6,65.3,490.6,4,,,
Drake London,WR,ATL,289.2,17.01,,,,,,,,,,101.7,"1,328.50",9.4,0,0,0,1,,
Jared Goff,QB,DET,287.4,16.91,,,,,,,,,,546.7,373.2,"4,299.30",31.7,10,23.7,48.2,0.2,3.7
Tyler Shough,QB,NO,286.2,16.84,,,,,,,,,,555.3,365.5,"3,978.00",22.1,11.7,78.2,329.2,4.1,3.6
Baker Mayfield,QB,TB,282.2,16.60,,,,,,,,,,540.5,348.6,"3,837.90",25.9,12.5,57.7,362.2,1.5,3.7
Kyler Murray,QB,MIN,280.3,16.49,,,,,,,,,,497.7,329.9,"3,497.70",23.5,14,79.6,475.9,3.4,3.8
Chase Brown,RB,CIN,277.7,16.34,,,,,,,,,,239.4,"1,040.50",7.5,64.4,430.2,3.9,,,
Ashton Jeanty,RB,LV,276.8,16.28,,,,,,,,,,281.4,"1,107.20",8,58.7,414.2,3.3,,,
Daniel Jones,QB,IND,274.5,16.15,,,,,,,,,,512.6,337.2,"3,759.50",23.5,11.4,66,251.1,4,3.8
CeeDee Lamb,WR,DAL,273.3,16.08,,,,,,,,,,97.6,"1,297.30",7.5,2.4,12.5,0,0.3,,
Rashee Rice,WR,KC,273.3,16.08,,,,,,,,,,98.8,"1,099.00",9.7,5.4,25.5,0.9,0.6,,
Derrick Henry,RB,BAL,273.1,16.06,,,,,,,,,,314,"1,568.70",13.4,17.8,172.2,0.7,,,
James Cook III,RB,BUF,270.2,15.89,,,,,,,,,,287.3,"1,403.50",10.3,33.3,281.7,1.9,,,
Malik Willis,QB,MIA,269.6,15.86,,,,,,,,,,493,317.8,"3,366.40",17.7,12.5,124.5,641.4,4.1,6.1
Justin Jefferson,WR,MIN,269.6,15.86,,,,,,,,,,98.6,"1,302.20",6.8,1.3,5.5,0,0.3,,
Jordan Love,QB,GB,267.6,15.74,,,,,,,,,,510.4,331,"3,841.40",26.7,10.2,46.1,194.7,0.6,3
Sam Darnold,QB,SEA,266.5,15.68,,,,,,,,,,506.2,336.7,"4,088.50",27.3,12.8,44,131.9,0.6,5.3
Saquon Barkley,RB,PHI,265.9,15.64,,,,,,,,,,295.9,"1,311.30",8.2,41.7,330.4,2.1,,,
Omarion Hampton,RB,LAC,263.6,15.51,,,,,,,,,,249.1,"1,072.90",10,51.6,352.8,2,,,
C.J. Stroud,QB,HOU,260.7,15.34,,,,,,,,,,551,347.4,"3,878.20",23.5,11.4,54.4,238.6,1,3.5
A.J. Brown,WR,NE,257.4,15.14,,,,,,,,,,88.7,"1,234.40",7.6,0,0,0,0.3,,
Chris Olave,WR,NO,257.3,15.14,,,,,,,,,,94.2,"1,169.20",7.8,0.3,0,0,0.3,,
Josh Jacobs,RB,GB,256.9,15.11,,,,,,,,,,288.8,"1,161.30",12,35.7,283.6,1.2,,,
Jeremiyah Love,RB,ARI,255.7,15.04,,,,,,,,,,238.3,"1,078.70",7.2,54.4,419.3,2.1,,,
Trey McBride,TE,ARI,254.3,14.96,,,,,,,,,,109,"1,050.60",6.8,0.2,,,,,
Breece Hall,RB,NYJ,253.5,14.91,,,,,,,,,,259.3,"1,159.70",6.5,47.4,411.3,2.2,,,
George Pickens,WR,DAL,252.3,14.84,,,,,,,,,,82.7,"1,202.10",8.4,0.3,-0.3,0,0.5,,
Kenneth Walker III,RB,KC,251.2,14.78,,,,,,,,,,255.7,"1,158.10",8.3,45.1,347.1,1.2,,,
Bryce Young,QB,CAR,248.8,14.64,,,,,,,,,,513.5,325.9,"3,365.90",22.1,12.4,58.3,257.5,3,3
Nico Collins,WR,HOU,248.5,14.62,,,,,,,,,,82.5,"1,212.50",7.2,1.4,8.3,0.4,0.8,,
Cam Skattebo,RB,NYG,244.3,14.37,,,,,,,,,,243.4,"1,015.70",8.1,45.8,364,2.5,,,
Brock Bowers,TE,LV,243.7,14.34,,,,,,,,,,96.5,"1,025.00",7.5,0.2,,,,,
Zay Flowers,WR,BAL,243.6,14.33,,,,,,,,,,81.9,"1,168.30",6.5,9.9,58.8,0.5,1.5,,
Garrett Wilson,WR,NYJ,242.1,14.24,,,,,,,,,,96.4,"1,090.20",6.4,1.1,4.3,0,1,,
Kyren Williams,RB,LAR,239.8,14.11,,,,,,,,,,240.2,"1,118.10",10.1,33.5,239.6,2.2,,,
DeVonta Smith,WR,PHI,236.7,13.92,,,,,,,,,,87.8,"1,134.80",6,0,0,0,0.3,,
Geno Smith,QB,NYJ,234.5,13.79,,,,,,,,,,520.2,340.4,"3,455.70",22.1,14.8,57.3,209.6,1,2.2
Javonte Williams,RB,DAL,234,13.76,,,,,,,,,,255.5,"1,157.40",10.4,33,192.1,1.2,,,
Jacoby Brissett,QB,ARI,232.4,13.67,,,,,,,,,,541.2,347.3,"3,590.40",19.7,10.4,48.7,215.1,1.4,4.8
Travis Etienne Jr.,RB,NO,231.9,13.64,,,,,,,,,,244.6,"1,036.30",5.4,44.9,351.2,3,,,
Malik Nabers,WR,NYG,231.3,13.61,,,,,,,,,,78.5,"1,047.20",8,2.7,7.9,0,0.4,,
Emeka Egbuka,WR,TB,227.9,13.41,,,,,,,,,,72.9,"1,097.10",7.5,1.4,7.3,0,0.3,,
Tetairoa McMillan,WR,CAR,227.7,13.39,,,,,,,,,,78.5,"1,125.10",6.4,0,0,0,0.9,,
Bucky Irving,RB,TB,223.9,13.17,,,,,,,,,,256.5,"1,020.90",6.1,39.9,336.2,2.3,,,
Aaron Rodgers,QB,PIT,223.1,13.12,,,,,,,,,,526.8,338.9,"3,480.30",21.7,9.4,26,82.5,0.6,2.7
D'Andre Swift,RB,CHI,222.7,13.10,,,,,,,,,,233.1,"1,053.10",8.1,34.8,299.9,1,,,
Davante Adams,WR,LAR,222,13.06,,,,,,,,,,68.5,926.1,10.2,0,0,0,0.2,,
Tee Higgins,WR,CIN,221.4,13.02,,,,,,,,,,70.7,964.8,9.1,0,0,0,0.2,,
Jameson Williams,WR,DET,217.3,12.78,,,,,,,,,,64.4,"1,065.00",6.6,7.3,42,0.5,0.2,,
Terry McLaurin,WR,WAS,214.2,12.60,,,,,,,,,,71.4,980.5,7.6,0.3,0.3,0,0.3,,
Quinshon Judkins,RB,CLE,213.7,12.57,,,,,,,,,,289.1,"1,104.10",8.1,31.3,218.3,0.6,,,
Ladd McConkey,WR,LAC,212.6,12.51,,,,,,,,,,76.9,977.3,6.4,0,0,0,0.3,,
Rome Odunze,WR,CHI,209.9,12.35,,,,,,,,,,63.4,980.1,8.1,0.3,1.3,0,0.3,,
Jaylen Waddle,WR,DEN,209.7,12.34,,,,,,,,,,74.6,983.7,6,1.7,12.4,0,0.3,,
Colston Loveland,TE,CHI,209.3,12.31,,,,,,,,,,78.1,916,6.7,0.2,,,,,
Bhayshul Tuten,RB,JAX,208.5,12.26,,,,,,,,,,243,992.8,8.2,29.2,221.6,2.1,,,
Luther Burden III,WR,CHI,208.1,12.24,,,,,,,,,,72.7,972.9,5.7,7.7,38.2,0.1,0.3,,
DJ Moore,WR,BUF,207.6,12.21,,,,,,,,,,69.1,899.6,7,10.3,54,0.5,0.8,,
Alec Pierce,WR,IND,207.4,12.20,,,,,,,,,,63.8,"1,049.70",6.5,0,0,0,0.3,,
Courtland Sutton,WR,DEN,204.4,12.02,,,,,,,,,,69.4,902.9,7.5,0,0,0,0.2,,
Tyler Warren,TE,IND,201.8,11.87,,,,,,,,,,82.7,871.3,5.4,0.3,,,,,
TreVeyon Henderson,RB,NE,201.6,11.86,,,,,,,,,,190.1,885.9,7.3,37.7,261.5,1.2,,,
Marvin Harrison Jr.,WR,ARI,197.3,11.61,,,,,,,,,,67.3,944.9,6,0,0,0,0.3,,
Kyle Pitts Sr.,TE,ATL,195.7,11.51,,,,,,,,,,79.5,881.3,4.7,0.1,,,,,
DK Metcalf,WR,PIT,194.8,11.46,,,,,,,,,,64.2,923.5,6.1,0.7,3.3,0.3,0.2,,
Mike Evans,WR,SF,193.7,11.39,,,,,,,,,,64.2,900.7,6.7,0,0,0,0.2,,
Fernando Mendoza,QB,LV,192.7,11.34,,,,,,,,,,430.6,275.5,"2,887.10",16.1,12.2,50.4,227.1,1.3,2.7
Jaylen Warren,RB,PIT,192.6,11.33,,,,,,,,,,188,825.9,4.8,42,320.6,1.5,,,
David Montgomery,RB,HOU,191.9,11.29,,,,,,,,,,225.5,936.6,7.3,30.5,226.2,0.5,,,
Christian Watson,WR,GB,190.8,11.22,,,,,,,,,,56,901,7.4,1.7,8,0,0.3,,
Harold Fannin Jr.,TE,CLE,190.5,11.21,,,,,,,,,,78.3,814.4,5.4,0.8,,,,,
Michael Pittman Jr.,WR,PIT,189.9,11.17,,,,,,,,,,80.5,803.4,5,0,0,0,0.3,,
Jadarian Price,RB,SEA,187.5,11.03,,,,,,,,,,215.2,912.2,7.6,26,220.1,1.1,,,
Chuba Hubbard,RB,CAR,186.4,10.96,,,,,,,,,,207,834.2,5.4,36.4,260.4,1.8,,,
Rhamondre Stevenson,RB,NE,185.9,10.94,,,,,,,,,,168.8,733.6,6.5,36.8,309.8,1.6,,,
Rico Dowdle,RB,PIT,185.8,10.93,,,,,,,,,,206.6,899.4,6.2,32.1,225.7,1,,,
Jakobi Meyers,WR,JAX,185.7,10.92,,,,,,,,,,70.6,814.8,5.4,4.7,23,0.1,0.8,,
Sam LaPorta,TE,DET,183.1,10.77,,,,,,,,,,69.8,809.4,5.5,0.2,,,,,
Travis Kelce,TE,KC,181.8,10.69,,,,,,,,,,74.9,784.2,4.8,0.3,,,,,
Dallas Goedert,TE,PHI,179.3,10.55,,,,,,,,,,65.5,688.8,7.6,0.2,,,,,
Parker Washington,WR,JAX,178.7,10.51,,,,,,,,,,60.9,844,5.4,5.3,13.6,0.1,0.4,,
RJ Harvey,RB,DEN,177.9,10.46,,,,,,,,,,130.5,495.7,4.6,46.6,343.9,3.5,,,
Michael Wilson,WR,ARI,176.6,10.39,,,,,,,,,,67.5,826.3,4.5,0,0.7,0,0.2,,
Jayden Reed,WR,GB,176,10.35,,,,,,,,,,62.8,757.3,4.8,12,86.6,0.1,0.4,,
Chris Godwin Jr.,WR,TB,175.7,10.34,,,,,,,,,,67.8,773.2,5.2,0.3,0.3,0,0.3,,
Brian Thomas Jr.,WR,JAX,175.4,10.32,,,,,,,,,,55.7,838,5.3,2.7,18,0.4,0.2,,
Tucker Kraft,TE,GB,174.9,10.29,,,,,,,,,,59.9,770.1,6.4,0.2,,,,,
Josh Downs,WR,IND,174.3,10.25,,,,,,,,,,75.9,736.4,4.3,1.4,4.3,0,0.8,,
Jordyn Tyson,WR,NO,172.5,10.15,,,,,,,,,,63.2,856.5,4.3,0.7,3,0,1.3,,
Khalil Shakir,WR,BUF,171.8,10.11,,,,,,,,,,72.4,748.1,4.2,1.1,5.5,0,0.8,,
J.K. Dobbins,RB,DEN,170.6,10.04,,,,,,,,,,218.2,"1,021.10",6.6,17.7,94.3,0.6,,,
Quentin Johnston,WR,LAC,169.8,9.99,,,,,,,,,,53.6,756.3,6.9,1.7,6.3,0,0.7,,
George Kittle,TE,SF,169.3,9.96,,,,,,,,,,64.5,726,5.4,0.2,,,,,
Jordan Addison,WR,MIN,168.8,9.93,,,,,,,,,,55.2,757.8,5.4,2.7,37.1,0.4,0.2,,
Kenny Gainwell,RB,TB,168.3,9.90,,,,,,,,,,113.6,498.5,3.9,49.7,351.8,2,,,
Aaron Jones Sr.,RB,MIN,168,9.88,,,,,,,,,,160,682.2,3.6,41,303.4,1.7,,,
Jake Ferguson,TE,DAL,167.6,9.86,,,,,,,,,,74.1,607,5.9,1.4,,,,,
Xavier Worthy,WR,KC,167.3,9.84,,,,,,,,,,55.2,721.6,4.2,15.5,99.3,0.9,0.2,,
Rachaad White,RB,WAS,167.2,9.84,,,,,,,,,,139.9,618.2,5.4,38.9,262.7,1.6,,,
Isaiah Likely,TE,NYG,165.3,9.72,,,,,,,,,,62.9,746.1,5.1,1.3,,,,,
Tua Tagovailoa,QB,ATL,164.5,9.68,,,,,,,,,,379.3,248.7,"2,724.60",15.8,8.3,19.6,46.6,0.1,2.3
Mark Andrews,TE,BAL,162.9,9.58,,,,,,,,,,58.3,607.7,7.4,0.3,,,,,
John Metchie III,WR,CAR,162.7,9.57,,,,,,,,,,65,617,6,3,-4,0,0,,
Makai Lemon,WR,PHI,162.4,9.55,,,,,,,,,,56.8,798.2,4.6,1.5,7,0,1.3,,
Romeo Doubs,WR,NE,160.9,9.46,,,,,,,,,,56.7,735.1,5.2,0,0,0,0.3,,
Deebo Samuel Sr.,WR,SF,159.6,9.39,,,,,,,,,,54.5,631.9,4.2,29.1,111.7,1.1,0.4,,
Dalton Kincaid,TE,BUF,159.4,9.38,,,,,,,,,,56.8,701.6,5.5,0.2,,,,,
Rashid Shaheed,WR,SEA,156.7,9.22,,,,,,,,,,49.9,754.8,3.8,13.4,88.9,0.3,0.8,,
Kyle Monangai,RB,CHI,155.9,9.17,,,,,,,,,,191,816.9,5.2,22.9,192.7,0.4,,,
Matthew Golden,WR,GB,155.8,9.16,,,,,,,,,,54.9,731,4.2,5.5,27.3,0.1,0.4,,
Juwan Johnson,TE,NO,154,9.06,,,,,,,,,,64.5,726.3,3.3,1.3,,,,,
Hunter Henry,TE,NE,153.6,9.04,,,,,,,,,,56.3,651.7,5.4,0.1,,,,,
Jalen Coker,WR,CAR,153.3,9.02,,,,,,,,,,57.6,697.5,4.6,0,0,0,0.8,,
Brandon Aubrey,K,DAL,153,9.00,,,,,,,,,,35.2,39.9,47.5,,,,,,
Brenton Strange,TE,JAX,151.4,8.91,,,,,,,,,,60,658.4,4.3,0.2,,,,,
Jason Myers,K,SEA,150.4,8.85,,,,,,,,,,34.7,40,46.3,,,,,,
Dalton Schultz,TE,HOU,148.6,8.74,,,,,,,,,,65.8,629.8,3.4,0.2,,,,,
KC Concepcion,WR,CLE,145.3,8.55,,,,,,,,,,55.6,706.3,3.1,4.2,22.4,0.1,1.3,,
Theo Wease Jr.,WR,MIA,145.3,8.55,,,,,,,,,,48,685,5,2,8,0,1,,
Jonathon Brooks,RB,CAR,144.6,8.51,,,,,,,,,,167.9,678.5,4.3,26.5,204.3,1.1,,,
Jerry Jeudy,WR,CLE,144.5,8.50,,,,,,,,,,54.2,744.8,2.9,0.5,2,0,0.7,,
Ka'imi Fairbairn,K,HOU,144.5,8.50,,,,,,,,,,36.3,40.5,35.6,,,,,,
Cameron Dicker,K,LAC,144.1,8.48,,,,,,,,,,34.7,38.6,40.2,,,,,,
Jacory Croskey-Merritt,RB,WAS,143.6,8.45,,,,,,,,,,182.3,821.1,7.5,11.2,79.5,0.2,,,
Tre Tucker,WR,LV,142,8.35,,,,,,,,,,50.1,633.7,3.8,11.2,52.9,0.2,0.1,,
Tank Dell,WR,HOU,141.4,8.32,,,,,,,,,,50,633,3.8,10.2,48.8,0.1,0.2,,
T.J. Hockenson,TE,MIN,140.6,8.27,,,,,,,,,,63.9,574.1,3.3,0.2,,,,,
Blake Corum,RB,LAR,138.6,8.15,,,,,,,,,,167.7,801.5,6.4,11.9,80.4,0.2,,,
Jordan Mason,RB,MIN,138.4,8.14,,,,,,,,,,181.7,827.8,5.8,14.5,75.8,0.1,,,
Jayden Higgins,WR,HOU,137.9,8.11,,,,,,,,,,49.3,608.3,4.7,0,0,0,0.2,,
Harrison Mevis,K,LAR,136.9,8.05,,,,,,,,,,27.3,30.2,54.9,,,,,,
Shedeur Sanders,QB,CLE,136.6,8.04,,,,,,,,,,300.4,181,"1,966.10",11.1,8.2,30.4,181.1,1.2,1.7
Jake Bates,K,DET,135.9,7.99,,,,,,,,,,28.3,33.8,51.1,,,,,,
Jauan Jennings,WR,MIN,134,7.88,,,,,,,,,,48.7,557.1,5.2,0,0,0,0.7,,
Pat Freiermuth,TE,PIT,133.9,7.88,,,,,,,,,,53,558,4.3,0.2,,,,,
Jalen McMillan,WR,TB,133.8,7.87,,,,,,,,,,46.7,606.1,3.9,4.7,26.8,0.1,0.2,,
Greg Dulcich,TE,MIA,133.5,7.85,,,,,,,,,,54.6,619.7,3.2,1.2,,,,,
Rashod Bateman,WR,BAL,133.4,7.85,,,,,,,,,,38.4,594.5,6,0,0,0,0.2,,
Cairo Santos,K,CHI,132.9,7.82,,,,,,,,,,30,34.5,42.9,,,,,,
Chase McLaughlin,K,TB,132.9,7.82,,,,,,,,,,31.5,36.5,38.4,,,,,,
Eddy Pineiro,K,SF,132.6,7.80,,,,,,,,,,31,34.7,39.5,,,,,,
Tyler Loop,K,BAL,132,7.76,,,,,,,,,,28.4,32.5,46.7,,,,,,
Harrison Butker,K,KC,131.8,7.75,,,,,,,,,,31.3,36.2,37.9,,,,,,
Alvin Kamara,RB,NO,131.4,7.73,,,,,,,,,,127.9,491.9,2.8,35.1,242.8,1.3,,,
Jalen Nailor,WR,LV,130.2,7.66,,,,,,,,,,43.6,589.9,4.5,2,8.5,0,0.2,,
Kenyon Sadiq,TE,NYJ,130,7.65,,,,,,,,,,51.1,558.1,4.1,0.7,,,,,
Cam Little,K,JAX,129.9,7.64,,,,,,,,,,28.8,32.5,43.5,,,,,,
Will Reichard,K,MIN,129.7,7.63,,,,,,,,,,30.6,33.8,38,,,,,,
Cade Otton,TE,TB,128.9,7.58,,,,,,,,,,54.9,556.9,3.1,0.1,,,,,
Evan McPherson,K,CIN,128.7,7.57,,,,,,,,,,27.7,32.1,45.7,,,,,,
Nick Folk,K,ATL,128.6,7.56,,,,,,,,,,30,32.8,38.6,,,,,,
Wil Lutz,K,DEN,128.4,7.55,,,,,,,,,,29,33.7,41.4,,,,,,
Chig Okonkwo,TE,WAS,126.5,7.44,,,,,,,,,,53.8,566.1,2.7,0.1,,,,,
Denzel Boston,WR,CLE,126.2,7.42,,,,,,,,,,48.8,611.1,2.9,1,5,0,0.8,,
Antonio Williams,WR,WAS,125.6,7.39,,,,,,,,,,44.2,598.5,3.6,3.5,18.7,0.1,1.2,,
Trey Smack,K,GB,125.4,7.38,,,,,,,,,,28.6,34.1,39.7,,,,,,
Cooper Kupp,WR,SEA,125.1,7.36,,,,,,,,,,47.4,583.9,3.4,0.5,1.5,0,0.7,,
Adonai Mitchell,WR,NYJ,124.5,7.32,,,,,,,,,,41.5,610.8,3.5,2.2,11.2,0.1,0.5,,
Woody Marks,RB,HOU,124.3,7.31,,,,,,,,,,142.6,555.4,2.7,24,197.7,1.8,,,
AJ Barner,TE,SEA,124.3,7.31,,,,,,,,,,48.6,469.6,4.9,0.2,,,,,
Tyler Bass,K,BUF,123.5,7.26,,,,,,,,,,25.6,30.5,46.7,,,,,,
Zach Charbonnet,RB,SEA,123,7.24,,,,,,,,,,130.5,532.7,5.6,19.8,147,0.5,,,
Charlie Smyth,K,NO,122.9,7.23,,,,,,,,,,29.5,35,34.3,,,,,,
Andy Borregales,K,NE,121.3,7.14,,,,,,,,,,26.1,31.2,43,,,,,,
Jake Moody,K,WAS,121.4,7.14,,,,,,,,,,27.6,33.8,38.6,,,,,,
Houston Texans,DST,HOU,120.5,7.09,,,,,,,,,,48.9,14.8,11.6,18.3,2.8,1,322,"5,064.60",
Omar Cooper Jr.,WR,NYJ,120.4,7.08,,,,,,,,,,46.3,550.4,3.3,2.1,12.5,0.1,1.2,,
Jake Elliott,K,PHI,119.8,7.05,,,,,,,,,,26,31.8,41.7,,,,,,
Tyrone Tracy Jr.,RB,NYG,119.6,7.04,,,,,,,,,,122.8,521.5,2.5,26.3,203.3,1.2,,,
Oronde Gadsden II,TE,LAC,118.8,6.99,,,,,,,,,,44.2,550.2,3.5,0.7,,,,,
Denver Broncos,DST,DEN,118.2,6.95,,,,,,,,,,59.7,13.3,8.3,12.3,2.4,0.5,318.9,"4,844.40",
Chris Boswell,K,PIT,118.2,6.95,,,,,,,,,,28.1,32.4,33.9,,,,,,
Germie Bernard,WR,PIT,118.1,6.95,,,,,,,,,,44.6,550.8,3.1,2.1,10.8,0,0.8,,
Jason Sanders,K,NYJ,117.5,6.91,,,,,,,,,,28.7,32.7,31.4,,,,,,
Evan Engram,TE,DEN,116.7,6.86,,,,,,,,,,53.4,471.8,2.7,0.1,,,,,
Justice Hill,RB,BAL,116.1,6.83,,,,,,,,,,56.4,273.6,2.2,34.7,303.1,1.8,,,
Isiah Pacheco,RB,DET,115.9,6.82,,,,,,,,,,139.2,581.4,3.5,21.1,136.2,0.6,,,
Zane Gonzalez,K,MIA,115.4,6.79,,,,,,,,,,28.3,32.6,30.5,,,,,,
Mike Gesicki,TE,CIN,113.1,6.65,,,,,,,,,,44,461.2,3.9,0.1,,,,,
Terrance Ferguson,TE,LAR,112.8,6.64,,,,,,,,,,36.3,500.4,4.5,0.2,,,,,
Pittsburgh Steelers,DST,PIT,112.8,6.64,,,,,,,,,,46,13.3,12.8,18.8,2.4,0,347.4,"5,453.10",
Minnesota Vikings,DST,MIN,112.7,6.63,,,,,,,,,,49.1,12.6,12.1,18.1,2.4,0,361.4,"5,299.60",
Travis Hunter,WR,JAX,111.7,6.57,,,,,,,,,,41.6,496.2,3.3,2,10.8,0.1,0.4,,
Chad Ryland,K,ARI,111.7,6.57,,,,,,,,,,26.6,33.1,31.8,,,,,,
Xavier Legette,WR,CAR,111.6,6.56,,,,,,,,,,41.7,500.5,3.2,2.1,10.8,0.1,0.4,,
Seattle Seahawks,DST,SEA,110.7,6.51,,,,,,,,,,46.3,13.6,8.4,13.6,3.2,0.5,314,"5,123.70",
Matt Gay,K,LV,108.1,6.36,,,,,,,,,,25.8,32.5,30.6,,,,,,
Deshaun Watson,QB,CLE,107.9,6.35,,,,,,,,,,244.4,151.8,"1,637.50",7.8,6,36,160,1,2.3
De'Zhaun Stribling,WR,SF,107.8,6.34,,,,,,,,,,37.6,525.2,3.1,1.5,6.5,0,0.7,,
Dylan Sampson,RB,CLE,107.8,6.34,,,,,,,,,,73.5,253.8,1.3,35.9,284.2,2.1,,,
Los Angeles Chargers,DST,LAC,107.7,6.34,,,,,,,,,,48.6,15.3,8.3,12.6,2,0,366.6,"5,471.50",
Buffalo Bills,DST,BUF,107.6,6.33,,,,,,,,,,42.8,14.9,9.6,13.2,2.5,0.5,393.3,"5,737.40",
Detroit Lions,DST,DET,107.3,6.31,,,,,,,,,,48,13.4,9.3,13.9,2.1,0.5,374.9,"5,461.40",
Los Angeles Rams,DST,LAR,107.1,6.30,,,,,,,,,,46.3,13.4,9.5,14.5,2.3,0.5,347.2,"5,242.00",
Malik Washington,WR,MIA,107,6.29,,,,,,,,,,43.5,390,2.3,13.4,80.2,0.7,0.8,,
Ryan Fitzgerald,K,CAR,107,6.29,,,,,,,,,,25.5,29.8,30.4,,,,,,
Bub Means,WR,NO,106.2,6.25,,,,,,,,,,38,516,3,1,6,0,1,,
Kayshon Boutte,WR,NE,105.5,6.21,,,,,,,,,,32,486.2,4.2,0,0,0,0.1,,
Darnell Mooney,WR,NYG,105.4,6.20,,,,,,,,,,35.9,526,2.7,1.1,6,0,0.1,,
Atlanta Falcons,DST,ATL,104.3,6.14,,,,,,,,,,48.2,12.3,8.4,13.3,2.3,0.5,412.8,"5,546.70",
Chicago Bears,DST,CHI,102.4,6.02,,,,,,,,,,39.9,14,10.9,16.6,2.1,0,385.5,"5,918.10",
Philadelphia Eagles,DST,PHI,102.3,6.02,,,,,,,,,,42.2,13,10,14.4,2.4,0,323.2,"5,264.50",
Andre Szmyt,K,CLE,102,6.00,,,,,,,,,,24.6,28.1,28.1,,,,,,
Baltimore Ravens,DST,BAL,101.9,5.99,,,,,,,,,,46,12.8,9.3,14.1,2,0,360.5,"5,294.70",
Cleveland Browns,DST,CLE,101.1,5.95,,,,,,,,,,46.3,12.1,8.6,12.8,2.2,0,386.7,"5,193.40",
Darius Slayton,WR,NYG,100.7,5.92,,,,,,,,,,34.8,512.7,2.5,1.6,8.6,0,0.7,,
New Orleans Saints,DST,NO,100.5,5.91,,,,,,,,,,44.9,12.2,8.8,12.8,2.3,0,399.1,"5,484.60",
Cincinnati Bengals,DST,CIN,99.5,5.85,,,,,,,,,,41.1,13.1,9.8,13.4,2.1,0,413.1,"5,826.70",
Jacksonville Jaguars,DST,JAX,99,5.82,,,,,,,,,,37,13.9,9.2,13.6,2.6,0,387.4,"5,491.60",
Zachariah Branch,WR,ATL,98.6,5.80,,,,,,,,,,38.3,471.3,2.3,0,0,0,0.4,,
New England Patriots,DST,NE,98.1,5.77,,,,,,,,,,40.7,11.6,8.9,12.5,2.6,0.5,356.6,"5,268.50",
Mason Taylor,TE,NYJ,97.7,5.75,,,,,,,,,,44.5,390.9,2.4,0.1,,,,,
Tampa Bay Buccaneers,DST,TB,97.2,5.72,,,,,,,,,,41,11.7,10,13.4,2,0.5,392.5,"5,610.20",
Troy Franklin,WR,DEN,96.6,5.68,,,,,,,,,,36.5,395.9,3.4,3,10.8,0,0.6,,
Ja'Kobi Lane,WR,BAL,96.5,5.68,,,,,,,,,,30.4,459.2,3.4,1.5,8.5,0,0.6,,
Ty Johnson,RB,BUF,96.3,5.66,,,,,,,,,,51.6,218.7,2,24.9,250.7,2.1,,,
Samaje Perine,RB,CIN,96.2,5.66,,,,,,,,,,98.9,443.5,3.7,17.9,135.2,0.4,,,
Tyler Allgeier,RB,ARI,95.6,5.62,,,,,,,,,,111.7,428.1,4.2,17.1,108.4,0.2,,,
Green Bay Packers,DST,GB,95.3,5.61,,,,,,,,,,40.4,11.9,9.7,13.5,1.9,0,366.9,"5,515.10",
Chris Rodriguez Jr.,RB,JAX,94.8,5.58,,,,,,,,,,133.8,553.4,5.1,5.4,42.5,0.1,,,
AJ Dillon,RB,CAR,94.5,5.56,,,,,,,,,,123,509,3,16,136,1,,,
Tory Horton,WR,SEA,94.4,5.55,,,,,,,,,,30.3,401,4.2,0.5,3,0,0.6,,
Indianapolis Colts,DST,IND,94.3,5.55,,,,,,,,,,39.4,12.9,8.7,12.3,1.9,0,394.4,"5,522.00",
Washington Commanders,DST,WAS,94.3,5.55,,,,,,,,,,43.7,9.7,8.9,13.5,2,0.5,439.2,"6,140.20",
Devaughn Vele,WR,NO,94.2,5.54,,,,,,,,,,35.1,422.8,2.8,0,0,0,0.1,,
Brian Robinson Jr.,RB,ATL,93.1,5.48,,,,,,,,,,129.8,564.6,4.3,6.9,43,0.1,,,
Kansas City Chiefs,DST,KC,92.6,5.45,,,,,,,,,,42,11.7,8,12.3,1.9,0,349.6,"5,400.80",
Tyquan Thornton,WR,KC,92.6,5.45,,,,,,,,,,25.4,465.8,3.5,0,0,0,0.1,,
Colby Parkinson,TE,LAR,91.9,5.41,,,,,,,,,,34.3,354.4,3.9,0.6,,,,,
New York Giants,DST,NYG,91.9,5.41,,,,,,,,,,40.6,10.8,8.8,12.9,2,0,418.6,"6,062.30",
Miami Dolphins,DST,MIA,90.7,5.34,,,,,,,,,,42.4,10.1,9.1,13.8,1.6,0,451.1,"6,090.00",
Dallas Cowboys,DST,DAL,90.6,5.33,,,,,,,,,,41.6,10.4,8.5,13.3,1.9,0,443,"6,093.00",
David Njoku,TE,LAC,90.5,5.32,,,,,,,,,,34.7,324.2,3.9,0.1,,,,,
Arizona Cardinals,DST,ARI,90.3,5.31,,,,,,,,,,35.8,11.8,9.3,14,1.9,0.5,466.5,"6,155.70",
Michael Mayer,TE,LV,90.1,5.30,,,,,,,,,,40,377.4,2.1,0.1,,,,,
Las Vegas Raiders,DST,LV,90,5.29,,,,,,,,,,40.8,10.2,8.4,14,1.8,0.5,437.2,"5,738.70",
Jordan James,RB,SF,89.8,5.28,,,,,,,,,,97.9,397.7,3,16.1,142,0.7,,,
Hollywood Brown,WR,PHI,89.6,5.27,,,,,,,,,,31.3,389.1,3.3,0,0,0,0.1,,
Jalen Tolbert,WR,MIA,89.5,5.26,,,,,,,,,,35.4,441.7,1.8,0,0,0,0.3,,
Ryan Flournoy,WR,DAL,89.4,5.26,,,,,,,,,,34,383.8,2.7,2.2,12.4,0.1,0.4,,
Tre' Harris,WR,LAC,89.4,5.26,,,,,,,,,,34.5,408.4,2.5,0,0,0,0.4,,
Andrei Iosivas,WR,CIN,89,5.24,,,,,,,,,,31.1,393.7,2.9,2.5,11.1,0,0.1,,
Chris Bell,WR,MIA,88.4,5.20,,,,,,,,,,34.2,448.9,1.7,0,0,0,0.4,,
San Francisco 49ers,DST,SF,88,5.18,,,,,,,,,,35.9,11.1,9.3,15.3,1.9,0,395.3,"5,646.60",
Caleb Douglas,WR,MIA,87.8,5.16,,,,,,,,,,33.1,418.9,2.3,1,5.5,0,0.7,,
Carolina Panthers,DST,CAR,86.3,5.08,,,,,,,,,,38.2,11.6,7.1,10.6,1.8,0,404.1,"5,813.30",
Jahmyr Gibbs,RB,DET,86.09950617,5.07,,,,,,,,,,64.57966872,286.83,194.178827,6.805460043,44.03527208,5.167420642,,,
Jeremiyah Love,RB,ARI,86.05938789,5.06,,,,,,,,,,64.54544811,286.69,194.0714995,6.803033628,44.01744128,5.165728757,,,
Trey McBride,TE,ARI,86.01926961,5.06,,,,,,,,,,64.5112275,286.55,193.964172,6.800607213,43.99961049,5.164036871,,,
Braelon Allen,RB,NYJ,86,5.06,,,,,,,,,,97.3,391.3,4,12.9,93.8,0.7,,,
New York Jets,DST,NYJ,86,5.06,,,,,,,,,,37.4,10,8,12.2,1.9,0.5,433.1,"5,667.30",
Jacoby Brissett,QB,ARI,85.97915133,5.06,,,,,,,,,,64.4770069,286.4148078,193.86,6.798180799,43.98177969,5.162344986,69.64906824,1359.342148,1.289310134
Marvin Harrison Jr.,WR,ARI,85.93903305,5.06,,,,,,,,,,64.44278629,286.2756934,193.7495169,6.795754384,43.9639489,5.1606531,69.6263341,1358.62514,1.288690629
Michael Wilson,WR,ARI,85.89891478,5.05,,,,,,,,,,64.40856568,286.136579,193.6421893,6.793327969,43.9461181,5.158961215,69.60359997,1357.908132,1.288071125
Chad Ryland,K,ARI,85.8587965,5.05,,,,,,,,,,64.37434507,285.9974646,193.5348618,6.790901554,43.9282873,5.157269329,69.58086584,1357.191124,1.287451621
Tyler Allgeier,RB,ARI,85.81867822,5.05,,,,,,,,,,64.34012447,285.8583502,193.4275343,6.788475139,43.91045651,5.155577444,69.5581317,1356.474115,1.286832117
Arizona Cardinals,DST,ARI,85.77855994,5.05,,,,,,,,,,64.30590386,285.7192358,193.3202067,6.786048725,43.89262571,5.153885558,69.53539757,"1,355.76",1.286212612
James Conner,RB,ARI,85.73844166,5.04,,,,,,,,,,64.27168325,285.5801214,193.2128792,6.78362231,43.87479492,5.152193673,69.51266343,1355.040099,1.285593108
Kendrick Bourne,WR,ARI,85.69832338,5.04,,,,,,,,,,64.23746264,285.441007,193.1055517,6.781195895,43.85696412,5.150501787,69.4899293,1354.323091,1.284973604
Elijah Higgins,TE,ARI,85.65820511,5.04,,,,,,,,,,64.20324204,285.3018926,192.9982241,6.77876948,43.83913332,5.148809902,69.46719516,1353.606083,1.284354099
Teagan Quitoriano,TE,ARI,85.61808683,5.04,,,,,,,,,,64.16902143,285.1627782,192.8908966,6.776343065,43.82130253,5.147118016,69.44446103,1352.889074,1.283734595
Carson Beck,QB,ARI,85.57796855,5.03,,,,,,,,,,64.13480082,285.0236638,192.783569,6.773916651,43.80347173,5.14542613,69.42172689,1352.172066,1.283115091
Isaac TeSlaa,WR,DET,85,5.00,,,,,,,,,,25.4,351.9,4.1,0,0,0,0.1,,
Dyami Brown,WR,WAS,84.2,4.95,,,,,,,,,,29.6,392.1,2.7,0,0,0,0.3,,
Michael Penix Jr.,QB,ATL,83.6,4.92,,,,,,,,,,189,119.1,"1,350.80",7.2,3.7,13.5,47,0.3,1
Ted Hurst III,WR,TB,82.7,4.86,,,,,,,,,,28.9,389.5,2.6,1,6.5,0,0.6,,
Jack Bech,WR,LV,82.5,4.85,,,,,,,,,,34.5,397.8,1.5,0,0,0,0.4,,
Emari Demercado,RB,KC,82.5,4.85,,,,,,,,,,76.8,425.9,1.7,16.3,119,0.8,,,
Treylon Burks,WR,WAS,80.9,4.76,,,,,,,,,,28.3,393.6,2.3,0,0,0,0.2,,
Dawson Knox,TE,BUF,78.9,4.64,,,,,,,,,,28.7,328.7,2.9,0.1,,,,,
Ashton Dulin,WR,IND,78.5,4.62,,,,,,,,,,24.1,399.9,1.6,5.1,46.2,0.1,0.1,,
Mike Washington Jr.,RB,LV,77.7,4.57,,,,,,,,,,92.8,352.5,2.1,15.2,121.4,0.6,,,
Dominic Zvada,K,NYG,76.8,4.52,,,,,,,,,,18.2,21.7,22.3,,,,,,
Spencer Shrader,K,IND,76.5,4.50,,,,,,,,,,17,19.5,25.5,,,,,,
Theo Johnson,TE,NYG,76.2,4.48,,,,,,,,,,27.6,314.7,2.9,0.1,,,,,
Jahan Dotson,WR,ATL,75.2,4.42,,,,,,,,,,28.7,358.2,1.9,0,0,0,0.2,,
Jaylin Noel,WR,HOU,74.2,4.36,,,,,,,,,,28.8,322.6,1.8,4.2,22.2,0.1,0.3,,
Blake Grupe,K,IND,73.9,4.35,,,,,,,,,,18.9,22.5,17.4,,,,,,
Darnell Washington,TE,PIT,73.9,4.35,,,,,,,,,,30.7,327.7,2,0.6,,,,,
Christian Kirk,WR,SF,73.7,4.34,,,,,,,,,,28.6,323,2.1,0,0,0,0,,
Riley Patterson,K,MIA,73,4.29,,,,,,,,,,18,20.7,19,,,,,,
Kaelon Black,RB,SF,72.6,4.27,,,,,,,,,,93.7,369.3,3,8.5,76.2,0.6,,,
Pat Bryant,WR,DEN,72.5,4.26,,,,,,,,,,28.4,319.6,2.1,0,0,0,0.3,,
Tyler Higbee,TE,LAR,71.2,4.19,,,,,,,,,,26.1,306.5,2.4,0,,,,,
Keaton Mitchell,RB,LAC,70.8,4.16,,,,,,,,,,85.2,395.4,1.9,11.5,82.8,0.2,,,
Olamide Zaccheaus,WR,ATL,69.5,4.09,,,,,,,,,,30.1,277.1,1.8,1.5,9.5,0,0.1,,
Joshua Palmer,WR,BUF,69.2,4.07,,,,,,,,,,25.9,337.2,1.6,0,0,0,0.1,,
Savion Williams,WR,GB,69,4.06,,,,,,,,,,23.9,271.5,2,9,47,0.3,0.3,,
Ja'Tavion Sanders,TE,CAR,67.7,3.98,,,,,,,,,,29.4,264.6,2,0.1,,,,,
Tank Bigsby,RB,PHI,67.3,3.96,,,,,,,,,,85.6,419.6,3.2,3.3,29.3,0.1,,,
Chris Brooks,RB,GB,66.9,3.94,,,,,,,,,,72.7,323.3,1.3,15.4,107.5,0.3,,,
Marvin Mims Jr.,WR,DEN,66.7,3.92,,,,,,,,,,24.2,272.4,1.6,8.2,45.1,0.3,0.4,,
Cole Kmet,TE,CHI,66.3,3.90,,,,,,,,,,25.9,271.4,2.2,0.1,,,,,
Adam Randall,RB,BAL,66,3.88,,,,,,,,,,55.1,281.6,2,10.3,103.4,1.1,,,
Malik Davis,RB,DAL,65.7,3.86,,,,,,,,,,79.6,373.1,2.7,6.6,52.3,0.1,,,
Noah Fant,TE,NO,65.7,3.86,,,,,,,,,,30.4,285,1.7,1.6,,,,,
Dontayvion Wicks,WR,PHI,65.5,3.85,,,,,,,,,,24.3,310,1.8,0,0,0,0.3,,
Luke McCaffrey,WR,WAS,65,3.82,,,,,,,,,,20.7,289.4,2.6,0,0,0,0.1,,
Xavier Hutchinson,WR,HOU,64.1,3.77,,,,,,,,,,23.2,281,1.9,2.1,14.2,0,0.1,,
KaVontae Turpin,WR,DAL,63.6,3.74,,,,,,,,,,18.2,229.9,1.7,17.7,102.5,0.4,0.4,,
Tommy Tremble,TE,CAR,63.6,3.74,,,,,,,,,,26.6,253.7,2,0.1,,,,,
Will Kacmarek,TE,MIA,61.8,3.64,,,,,,,,,,26.6,250.8,1.9,0.6,,,,,
James Conner,RB,ARI,61.6,3.62,,,,,,,,,,42.5,155,1.5,18,131,1,,,
DeMario Douglas,WR,NE,61.3,3.61,,,,,,,,,,22.7,271.1,1.5,4.1,21.4,0.2,0.3,,
Kimani Vidal,RB,LAC,61.1,3.59,,,,,,,,,,62.2,251,1.6,11.9,104.3,0.7,,,
Jaylin Lane,WR,WAS,60.7,3.57,,,,,,,,,,22.7,279.2,1.8,0,0,0,0.2,,
Nick Westbrook-Ikhine,WR,IND,60.1,3.54,,,,,,,,,,21.7,269.6,2,0,0,0,0.2,,
Calvin Austin III,WR,NYG,60.1,3.54,,,,,,,,,,20,268.2,2.2,0,0,0,0,,
Elijah Sarratt,WR,BAL,59.2,3.48,,,,,,,,,,19.5,294.6,1.8,0,0,0,0.2,,
Keon Coleman,WR,BUF,59.1,3.48,,,,,,,,,,19.4,266,2.3,0,0,0,0.2,,
Erick All Jr.,TE,CIN,58.5,3.44,,,,,,,,,,26.1,228.4,1.6,0.1,,,,,
Ben Sauls,K,NYG,58.5,3.44,,,,,,,,,,15.3,18.7,12.5,,,,,,
Elijah Arroyo,TE,SEA,58.4,3.44,,,,,,,,,,23.6,240.1,1.9,0.2,,,,,
Jahdae Walker,WR,CHI,56,3.29,,,,,,,,,,17.1,225.8,2.7,0.5,3.5,0,0,,
Austin Hooper,TE,ATL,55.7,3.28,,,,,,,,,,22.5,236.7,1.6,0.1,,,,,
Charlie Kolar,TE,LAC,55.4,3.26,,,,,,,,,,20.2,230,2,0.1,,,,,
Cedric Tillman,WR,CLE,54.5,3.21,,,,,,,,,,18.5,234.6,2.1,0,-0.5,0,0,,
Eli Stowers,TE,PHI,53.9,3.17,,,,,,,,,,22.7,232.5,1.5,0.6,,,,,
Kyle Juszczyk,RB,SF,53.6,3.15,,,,,,,,,,4.2,10.3,0.1,23.2,202.2,1.5,,,
Tutu Atwell,WR,MIA,53.4,3.14,,,,,,,,,,20.4,291.7,0.5,2.2,11.3,0.1,0.2,,
Josh Oliver,TE,MIN,52.1,3.06,,,,,,,,,,18.6,193.9,2.4,0.1,,,,,
Kevin Coleman Jr.,WR,MIA,51.8,3.05,,,,,,,,,,21.1,270.5,0.7,0,0,0,0.2,,
Emanuel Wilson,RB,SEA,51.2,3.01,,,,,,,,,,69.7,289.5,1.7,7.7,52.1,0,,,
Noah Gray,TE,KC,50.8,2.99,,,,,,,,,,21,211.2,1.5,0.1,,,,,
Brock Wright,TE,DET,50.7,2.98,,,,,,,,,,19.4,175.2,2.3,0,,,,,
Jaylen Wright,RB,MIA,50.5,2.97,,,,,,,,,,79.9,308,1.5,7.2,52,0.1,,,
Jawhar Jordan,RB,HOU,50.3,2.96,,,,,,,,,,51.3,218.5,1.1,11,87,0.5,,,
Kendrick Bourne,WR,ARI,50.3,2.96,,,,,,,,,,22.8,239.4,0.7,0,0,0,0.2,,
Luke Musgrave,TE,GB,49.9,2.94,,,,,,,,,,21.7,211.6,1.2,0,,,,,
Jake Tonges,TE,SF,48.1,2.83,,,,,,,,,,19.1,200,1.5,0.1,,,,,
Adam Trautman,TE,DEN,47.6,2.80,,,,,,,,,,19.4,194,1.5,0,,,,,
Kirk Cousins,QB,LV,47.2,2.78,,,,,,,,,,114,74.1,783.5,5.1,3.9,5.2,9,0.1,0.9
Demarcus Robinson,WR,SF,46.7,2.75,,,,,,,,,,15.5,219,1.5,0.5,2.5,0,0,,
Jaydon Blue,RB,DAL,46.5,2.74,,,,,,,,,,48.7,205,1.5,8.8,61.8,0.4,,,
Eli Raridon,TE,NE,46.5,2.74,,,,,,,,,,18.8,195.8,1.5,0.6,,,,,
Kalif Raymond,WR,CHI,46.5,2.74,,,,,,,,,,19.2,187,0.9,4.6,27.2,0.2,0.2,,
LeQuint Allen Jr.,RB,JAX,45.8,2.69,,,,,,,,,,8,33.9,0.2,21.7,148,0.8,,,
Elijah Higgins,TE,ARI,45.5,2.68,,,,,,,,,,22,196.1,0.8,0.6,,,,,
Ben Sims,TE,MIA,44.8,2.64,,,,,,,,,,19.5,184.2,1.2,0,,,,,
Marlin Klein,TE,HOU,44.5,2.62,,,,,,,,,,19.5,193.6,1.1,0.5,,,,,
Davis Allen,TE,LAR,43.8,2.58,,,,,,,,,,16.9,157.3,1.9,0,,,,,
John Bates,TE,WAS,43.8,2.58,,,,,,,,,,18.4,173.3,1.5,0.6,,,,,
Cyrus Allen,WR,KC,43.7,2.57,,,,,,,,,,16.2,202.8,1.3,0,0,0,0.2,,
Isaiah Davis,RB,NYJ,43.3,2.55,,,,,,,,,,35.1,174.6,1.2,9.9,78.2,0.2,,,
MarShawn Lloyd,RB,GB,43.2,2.54,,,,,,,,,,50.6,211.7,1.6,6.5,48.5,0.3,,,
Skyler Bell,WR,BUF,42.6,2.51,,,,,,,,,,15.1,205.5,1.2,0,0,0,0.2,,
Bryce Lance,WR,NO,42.1,2.48,,,,,,,,,,16.4,204.4,0.9,0,0,0,0.2,,
Jeremy Ruckert,TE,NYJ,41.8,2.46,,,,,,,,,,19.7,145.8,1.3,0,,,,,
George Holani,RB,SEA,41.1,2.42,,,,,,,,,,38.9,164.2,1.5,8,62.2,0.3,,,
Jordan Whittington,WR,LAR,41.1,2.42,,,,,,,,,,15,171.9,1.2,2.3,12.1,0.1,0.2,,
Mitchell Evans,TE,CAR,37.6,2.21,,,,,,,,,,15,138.6,1.5,0.1,,,,,
Ty Chandler,RB,NO,37.5,2.21,,,,,,,,,,51,138,1,12,57,0,,,
Nate Boerkircher,TE,JAX,37.1,2.18,,,,,,,,,,14.9,155.8,1.3,0.5,,,,,
Connor Heyward,TE,LV,36.3,2.14,,,,,,,,,,14,103,2,0,,,,,
Cade York,K,NYJ,36,2.12,,,,,,,,,,12,15,0,,,,,,
Ray Davis,RB,BUF,35.8,2.11,,,,,,,,,,32.3,137.8,1.1,7.8,60,0.4,,,
DJ Giddens,RB,IND,35.9,2.11,,,,,,,,,,33.6,141.5,1,8.6,56.8,0.3,,,
Devontez Walker,WR,BAL,35.1,2.06,,,,,,,,,,11.6,166.4,1.2,0,0,0,0.1,,
Odell Beckham Jr.,WR,NYG,35.1,2.06,,,,,,,,,,13.3,164.3,0.9,0.3,1.4,0,0.1,,
Frank Gore Jr.,RB,BUF,35,2.06,,,,,,,,,,37,174,2,3,26,0,,,
Zavion Thomas,WR,CHI,34.9,2.05,,,,,,,,,,12.5,153.6,1.2,0,0,0,0.1,,
Ollie Gordon II,RB,MIA,34.6,2.04,,,,,,,,,,49.4,202.8,1.2,3.9,27.8,0.1,,,
Emmett Johnson,RB,KC,34.5,2.03,,,,,,,,,,39.7,165.1,1.3,5.2,41.1,0.2,,,
Roschon Johnson,RB,CHI,34.2,2.01,,,,,,,,,,33,115,3,3,17,0,,,
Malachi Fields,WR,NYG,34,2.00,,,,,,,,,,13.2,157.5,0.9,0,0,0,0.1,,
Drew Sample,TE,CIN,33.8,1.99,,,,,,,,,,15.1,123.1,1.1,0.1,,,,,
Cade Stover,TE,HOU,33.1,1.95,,,,,,,,,,15.2,128.1,0.9,0.1,,,,,
Jonah Coleman,RB,DEN,32.7,1.92,,,,,,,,,,28.3,117.9,0.9,8.1,58.6,0.3,,,
Brashard Smith,RB,KC,32.5,1.91,,,,,,,,,,25,89,0.5,10.5,71,0.5,,,
Dont'e Thornton Jr.,WR,LV,32.2,1.89,,,,,,,,,,12.1,167.6,0.6,0,0,0,0.1,,
Sean Tucker,RB,TB,32.2,1.89,,,,,,,,,,38.8,163.8,2.2,1.5,10.2,0,,,
Nate Adkins,TE,DEN,31.7,1.86,,,,,,,,,,11.9,88.3,1.8,0,,,,,
Ben Sinnott,TE,WAS,31.6,1.86,,,,,,,,,,11.8,116,1.4,0,,,,,
Nick Vannett,TE,SEA,31.5,1.85,,,,,,,,,,10,95,2,0,,,,,
Jack Endries,TE,CIN,31.3,1.84,,,,,,,,,,13,123,1,0,,,,,
Luke Schoonmaker,TE,DAL,31,1.82,,,,,,,,,,13.2,121.6,0.9,0,,,,,
Charlie Woerner,TE,ATL,30.7,1.81,,,,,,,,,,14.5,127.3,0.6,0,,,,,
Jackson Hawes,TE,BUF,30.6,1.80,,,,,,,,,,10.6,115.1,1.4,0,,,,,
Isaiah Bond,WR,CLE,30.4,1.79,,,,,,,,,,9.9,130.1,0.8,4.3,23.5,0.1,0.1,,
Hayden Rucci,TE,SF,29.8,1.75,,,,,,,,,,12,118,1,0,,,,,
Will Mallory,TE,IND,29.5,1.74,,,,,,,,,,11,125,1,0,,,,,
Tanner Hudson,TE,CIN,29.2,1.72,,,,,,,,,,13.1,110.3,0.9,0.1,,,,,
Konata Mumpfield,WR,LAR,29.2,1.72,,,,,,,,,,9.9,126.7,1.2,0,0,0,0.1,,
Cam Grandy,TE,CIN,29,1.71,,,,,,,,,,13,100,1,0,,,,,
Teagan Quitoriano,TE,ARI,28.8,1.69,,,,,,,,,,12,108,1,0,,,,,
Grant Calcaterra,TE,PHI,28.5,1.68,,,,,,,,,,11,115,1,0,,,,,
Bauer Sharp,TE,TB,28.2,1.66,,,,,,,,,,11,112,1,0,,,,,
Mack Hollins,WR,NE,28,1.65,,,,,,,,,,10.8,126.7,0.8,0,0,0,0.1,,
Phil Mafah,RB,DAL,27.6,1.62,,,,,,,,,,32,142,1,4,34,0,,,
Foster Moreau,TE,HOU,27.6,1.62,,,,,,,,,,9.3,105.6,1.3,0,,,,,
Will Shipley,RB,PHI,27.5,1.62,,,,,,,,,,9.3,39.6,0.3,11.3,83.5,0.4,,,
Brenen Thompson,WR,LAC,27.4,1.61,,,,,,,,,,9.5,121,0.7,2.1,11.3,0.1,0.1,,
Tanner Conner,TE,NYG,27.3,1.61,,,,,,,,,,10,113,1,0,,,,,
Jeremy McNichols,RB,WAS,27.2,1.60,,,,,,,,,,17,88,1,7,54,0,,,
Mo Alie-Cox,TE,IND,27.1,1.59,,,,,,,,,,10.8,111,0.9,0.1,,,,,
KeAndre Lambert-Smith,WR,LAC,26.6,1.56,,,,,,,,,,9.6,121,0.9,0,0,0,0.1,,
Jared Wiley,TE,KC,26.5,1.56,,,,,,,,,,11,95,1,0,,,,,
Jam Miller,RB,NE,26.1,1.54,,,,,,,,,,34,156,1,2,25,0,,,
Thomas Fidone II,TE,NYG,26.1,1.54,,,,,,,,,,10,101,1,0,,,,,
Elijah Mitchell,RB,PHI,26.1,1.54,,,,,,,,,,35,159,1,2,22,0,,,
Jaheim Bell,TE,PIT,25.8,1.52,,,,,,,,,,10,98,1,0,,,,,
Jaren Kanak,TE,TEN,25.6,1.51,,,,,,,,,,10,96,1,0,,,,,
Hunter Luepke,RB,DAL,25,1.47,,,,,,,,,,13.3,56.1,0.4,8.6,61.7,0.4,,,
Durham Smythe,TE,BAL,23.6,1.39,,,,,,,,,,9.8,94.1,0.7,0.1,,,,,
Josh Whyle,TE,GB,23.6,1.39,,,,,,,,,,9,86,1,0,,,,,
Zack Kuntz,TE,LV,23.7,1.39,,,,,,,,,,9,87,1,0,,,,,
Demond Claiborne,RB,MIN,23.6,1.39,,,,,,,,,,27.7,121.6,0.9,3.3,25.2,0.1,,,
Salvon Ahmed,RB,CHI,23.4,1.38,,,,,,,,,,35,152,1,1,12,0,,,
Ty Simpson,QB,LAR,23.4,1.38,,,,,,,,,,40.9,25.8,298.2,2.6,0.8,4.1,18.4,0,0.1
Carson Beck,QB,ARI,23.1,1.36,,,,,,,,,,49.1,30.9,337.8,2.2,1.2,5.2,20.1,0.1,0.2
Israel Abanikanda,RB,DAL,23.1,1.36,,,,,,,,,,32,147,1,1,14,0,,,
Seth McGowan,RB,IND,23.2,1.36,,,,,,,,,,22.3,97.1,1.2,3.2,26.9,0.1,,,
Jarquez Hunter,RB,LAR,23.2,1.36,,,,,,,,,,32,148,1,1,14,0,,,
Carlos Washington Jr.,RB,MIA,22.9,1.35,,,,,,,,,,31,130,1,2,19,0,,,
Donovan Edwards,RB,MIA,22.9,1.35,,,,,,,,,,31,130,1,2,19,0,,,
J.J. McCarthy,QB,MIN,22.5,1.32,,,,,,,,,,48.6,30.2,340.3,1.8,1.4,5.9,27,0.2,0.4
Kyle Williams,WR,NE,22.1,1.30,,,,,,,,,,6.4,91.5,0.6,4.1,22.3,0.2,0.1,,
Dameon Pierce,RB,PHI,22.1,1.30,,,,,,,,,,35,161,1,0,0,0,,,
Tez Johnson,WR,TB,21.5,1.26,,,,,,,,,,6.7,77.6,0.6,4.4,23.3,0.2,0.1,,
Kaytron Allen,RB,WAS,21.5,1.26,,,,,,,,,,23.6,110.8,0.7,3.1,25.4,0.1,,,
Jimmy Horn Jr.,WR,CAR,21.4,1.26,,,,,,,,,,6.6,76.6,0.4,6.2,36.8,0.2,0.1,,
Anthony Richardson Sr.,QB,IND,21,1.24,,,,,,,,,,35,23,254,2,1,9,38,0,0
Joe Royer,TE,CLE,20.8,1.22,,,,,,,,,,8.8,81.1,0.7,0,,,,,
Max Klare,TE,LAR,19.8,1.16,,,,,,,,,,7.5,82.6,0.7,0,,,,,
Devin Singletary,RB,NYG,19.8,1.16,,,,,,,,,,22.3,89.2,0.6,4.2,26.3,0.1,,,
Nicholas Singleton,RB,TEN,19.7,1.16,,,,,,,,,,20.3,83.4,0.6,4.3,29.9,0.2,,,
Mitch Tinsley,WR,CIN,19.5,1.15,,,,,,,,,,6.6,84.1,0.8,0,0,0,0.1,,
Devin Neal,RB,NO,19.2,1.13,,,,,,,,,,22.5,89.5,1,2.5,17.5,0,,,
Tyler Badie,RB,DEN,19.1,1.12,,,,,,,,,,4.1,17.7,0.1,8,65.5,0.4,,,
Jerome Ford,RB,WAS,19.1,1.12,,,,,,,,,,17.5,97,0.5,4,23.5,0,,,
Tahj Brooks,RB,CIN,18.3,1.08,,,,,,,,,,30.6,129.4,0.9,0,0,0,,,
Jalen Royals,WR,KC,18.3,1.08,,,,,,,,,,6.8,78,0.6,0,0,0,0.1,,
Payne Durham,TE,TB,18,1.06,,,,,,,,,,7.2,70.7,0.6,0.1,,,,,
Marcus Mariota,QB,WAS,18.1,1.06,,,,,,,,,,34.8,22.2,256.6,2,0.8,1.4,7.9,0,0.1
Tip Reiman,TE,ARI,17.7,1.04,,,,,,,,,,7.9,62.2,0.6,0,,,,,
Sam Roush,TE,CHI,17.7,1.04,,,,,,,,,,6.8,70.9,0.6,0,,,,,
Devin Culp,TE,TB,17.4,1.02,,,,,,,,,,5.5,59,1,0,,,,,
Michael Burton,RB,CLE,16.5,0.97,,,,,,,,,,6.6,13.8,0.6,5.1,33.2,0.6,,,
Alec Ingold,RB,LAC,16.4,0.96,,,,,,,,,,2.1,8.6,0.1,7.9,58.3,0.2,,,
Anthony Gould,WR,IND,16.2,0.95,,,,,,,,,,7,74.5,0.3,0,0,0,0.1,,
Josh Cuevas,TE,BAL,16.2,0.95,,,,,,,,,,5.7,66.4,0.6,0,,,,,
Malik Benson,WR,LV,15.7,0.92,,,,,,,,,,6.4,79.3,0.3,0,0,0,0.1,,
Hunter Long,TE,JAX,15.5,0.91,,,,,,,,,,5,44.5,1,0,,,,,
Trevor Etienne,RB,CAR,14.9,0.88,,,,,,,,,,12.3,52.5,0.3,4.1,29.7,0.2,,,
Isaac Guerendo,RB,SF,14.9,0.88,,,,,,,,,,16.5,80,0.5,2,18.5,0,,,
Andrew Beck,RB,NYJ,14.8,0.87,,,,,,,,,,0.5,4,0,4.6,31.6,1.1,,,
Greg Dortch,WR,DET,14.1,0.83,,,,,,,,,,4.1,39.8,0.3,4.6,24,0.4,0.1,,
Chris Manhertz,TE,NYG,13.9,0.82,,,,,,,,,,5.4,51.2,0.6,0,,,,,
Riley Leonard,QB,IND,13.8,0.81,,,,,,,,,,29.9,18.8,208.6,1.4,0.8,1.6,7.2,0,0.2
Lucas Krull,TE,DEN,13.5,0.79,,,,,,,,,,6,44.5,0.5,0,,,,,
Davis Mills,QB,HOU,12.7,0.75,,,,,,,,,,27.2,16.7,182.5,1.3,0.5,2.7,9,0,0.1
Shane Buechele,QB,BUF,12,0.71,,,,,,,,,,20,14,150,1,0,4,20,0,0
Justin Fields,QB,KC,12,0.71,,,,,,,,,,26.2,16.3,175.1,1,0.8,3.6,18.4,0.1,0.1
Cole Turner,TE,MIA,11.9,0.70,,,,,,,,,,4.5,43.5,0.5,0,,,,,
Jameis Winston,QB,NYG,11.7,0.69,,,,,,,,,,26.1,15.5,194.8,1.3,1.3,2.6,10.9,0,0.6
Ben Skowronek,WR,PIT,11.7,0.69,,,,,,,,,,5.4,51,0.2,0,0,0,0,,
Kenny Pickett,QB,CAR,11.6,0.68,,,,,,,,,,22.5,14.4,155.6,1.3,0.8,2.8,10.9,0,0.1
Quinn Ewers,QB,MIA,11.5,0.68,,,,,,,,,,24.5,16,167.6,1.2,0.9,3,11.7,0,0.1
Bo Melton,WR,GB,11.5,0.68,,,,,,,,,,2.9,37.5,0.3,4.5,26,0.1,0.1,,
Tyson Bagent,QB,CHI,11.4,0.67,,,,,,,,,,23,14.7,168,1,0.2,2.8,8.6,0,0.1
Will Levis,QB,TEN,11.4,0.67,,,,,,,,,,23,14,137,1,0,4,19,0,0
Jarrett Stidham,QB,DEN,11.2,0.66,,,,,,,,,,23.1,14.4,152.2,1.1,0.3,3.3,12.9,0,0.1
Jake Browning,QB,TB,11.3,0.66,,,,,,,,,,22.5,14.3,157.5,1,0.9,3.1,15.8,0,0.1
Teddy Bridgewater,QB,DET,11,0.65,,,,,,,,,,21.8,13.7,157.9,1,0.4,3.1,8.9,0,0
Tyrell Shavers,WR,BUF,11,0.65,,,,,,,,,,4,52.2,0.3,0,0,0,0,,
Tyrod Taylor,QB,GB,10.9,0.64,,,,,,,,,,25,15.4,173.6,0.9,0.8,2.1,10.7,0,0.2
Tyler Huntley,QB,BAL,10.6,0.62,,,,,,,,,,18.3,11.8,130.8,0.9,0.3,3.5,18.7,0,0.1
Adam Prentice,RB,DEN,10.5,0.62,,,,,,,,,,4.1,17.4,0.1,4.1,29.8,0.2,,,
Tommy DeVito,QB,NE,10.6,0.62,,,,,,,,,,22.5,14.6,149.8,1,0.4,1.9,9.5,0.1,0.1
Mac Jones,QB,SF,10.5,0.62,,,,,,,,,,22.5,14.9,160.2,1,0.5,2.7,8.4,0,0.1
Joe Flacco,QB,CIN,10.3,0.61,,,,,,,,,,24.8,16.1,169.2,1.2,0.8,2.2,8.6,0,0.6
Trey Lance,QB,LAC,10.4,0.61,,,,,,,,,,22.2,13.6,148.2,1,0.8,3.2,13.4,0,0.1
Tanner McKee,QB,PHI,10.3,0.61,,,,,,,,,,20.3,12.8,141.1,1,0.2,3,9.9,0,0
Sam Howell,QB,DAL,10.2,0.60,,,,,,,,,,22,13.9,144.8,1.1,0.7,1.3,7,0.1,0.1
Derius Davis,WR,LAC,10.2,0.60,,,,,,,,,,3.5,37.9,0.3,2.1,11,0.1,0.1,,
Connor Heyward,RB,LV,10.2,0.60,,,,,,,,,,4.2,17.6,0.1,4,28.9,0.2,,,
Spencer Rattler,QB,NO,10.2,0.60,,,,,,,,,,23,15,156.8,0.9,0.8,2.7,12.1,0,0.1
Drew Lock,QB,SEA,10,0.59,,,,,,,,,,20.6,13,146.7,0.9,0.8,3.1,13.1,0,0.1
Luke Farrell,TE,SF,10,0.59,,,,,,,,,,4.2,40.7,0.3,0,,,,,
Isaiah Williams,WR,NYJ,10,0.59,,,,,,,,,,3.8,35.8,0.1,2.2,12.7,0.1,0.1,,
Xavier Smith,WR,LAR,9.9,0.58,,,,,,,,,,3.6,44.4,0.3,0,0,0,0,,
Nick Mullens,QB,JAX,9.8,0.58,,,,,,,,,,18.8,13.2,140.2,1.1,0.4,3.1,3.7,0,0.1
Behren Morton,QB,NE,9.8,0.58,,,,,,,,,,15,10,121,1,0,2,10,0,0
Andy Dalton,QB,PHI,9.9,0.58,,,,,,,,,,19,13,140,1,0,5,23,0,1
Colbie Young,WR,CIN,9.7,0.57,,,,,,,,,,3.5,43.2,0.3,0,0,0,0,,
Gardner Minshew II,QB,ARI,9.7,0.57,,,,,,,,,,22.9,14.3,147.9,0.8,0.3,2.4,9.3,0,0.1
Chris Oladokun,QB,KC,9.7,0.57,,,,,,,,,,23,14,148,1,0,4,18,0,1
CJ Daniels,WR,LAR,9.6,0.56,,,,,,,,,,3.4,42.8,0.3,0,0,0,0,,
Brevyn Spann-Ford,TE,DAL,9.5,0.56,,,,,,,,,,3.9,36.8,0.3,0,,,,,
Justin Joly,TE,DEN,9.5,0.56,,,,,,,,,,4,37.7,0.3,0,,,,,
Max Bredeson,RB,MIN,9.6,0.56,,,,,,,,,,2,8.5,0.1,4.5,29.4,0.2,,,
Cade Klubnik,QB,NYJ,9.4,0.55,,,,,,,,,,20.6,12.7,136.8,0.9,0.6,1.8,8.2,0,0.1
Drew Allar,QB,PIT,9.3,0.55,,,,,,,,,,19.5,12.5,130.6,0.9,0.3,1.7,6.8,0,0.1
Adrian Martinez,QB,SF,9.3,0.55,,,,,,,,,,16,11,114,1,0,3,7,0,0
Kyle Allen,QB,BUF,9.1,0.54,,,,,,,,,,21,12.4,138.3,1,0.6,2,3.6,0,0.1
Tanner Koziol,TE,JAX,9.2,0.54,,,,,,,,,,3.9,36.6,0.3,0,,,,,
Garrett Nussmeier,QB,KC,9.2,0.54,,,,,,,,,,17,11,111,1,0,2,8,0,0
CJ Dippre,TE,NE,9.2,0.54,,,,,,,,,,3.9,37.3,0.3,0,,,,,
Cole Payton,QB,PHI,9.2,0.54,,,,,,,,,,14,9,105,1,0,2,10,0,0
Malachi Corley,WR,CLE,9.1,0.54,,,,,,,,,,1.7,16.5,0.1,6.4,43.8,0.2,0.1,,
Jalen Milroe,QB,SEA,9,0.53,,,,,,,,,,11,7,90,1,0,5,14,0,0
Mitchell Trubisky,QB,TEN,9,0.53,,,,,,,,,,23.3,13.5,138.5,0.8,0.4,2.6,4.7,0,0.1
Tyler Conklin,TE,DET,8.9,0.52,,,,,,,,,,3.7,38,0.3,0,,,,,
Oscar Delp,TE,NO,8.9,0.52,,,,,,,,,,3.9,36.5,0.2,0,,,,,
Tai Felton,WR,MIN,8.8,0.52,,,,,,,,,,3.7,37.1,0.2,0,0,0,0,,
Drew Ogletree,TE,IND,8.7,0.51,,,,,,,,,,3.7,35.4,0.3,0,,,,,
Eric Saubert,TE,SEA,8.6,0.51,,,,,,,,,,3.4,34.4,0.3,0,,,,,
Joe Milton III,QB,DAL,8.5,0.50,,,,,,,,,,16.3,10.3,119.3,0.7,0.3,3,14.3,0,0
Justin Watson,WR,HOU,8.5,0.50,,,,,,,,,,3.1,41.6,0.2,0,0,0,0,,
Darius Cooper,WR,PHI,8.5,0.50,,,,,,,,,,3.3,37.7,0.3,0,0,0,0,,
Jonathan Mingo,WR,DAL,8.4,0.49,,,,,,,,,,2.9,40.6,0.3,0,0,0,0,,
Barion Brown,WR,NO,8.4,0.49,,,,,,,,,,3.3,39.9,0.2,0,0,0,0,,
Laquon Treadwell,WR,IND,8.3,0.49,,,,,,,,,,3.5,36.9,0.2,0,0,0,0,,
Ian Thomas,TE,LV,8.2,0.48,,,,,,,,,,3.8,35.9,0.2,0,,,,,
Johnny Mundt,TE,PHI,8.2,0.48,,,,,,,,,,3.5,35.4,0.2,0,,,,,
Riley Nowakowski,RB,PIT,8.1,0.48,,,,,,,,,,0,0,0,4.3,29.1,0.2,,,
Reggie Virgil,WR,ARI,8.1,0.48,,,,,,,,,,3.4,39.3,0.1,0,0,0,0,,
Brycen Tremayne,WR,CAR,7.9,0.46,,,,,,,,,,3.3,36.5,0.2,0,0,0,0,,
Reggie Gilliam,RB,NE,7.9,0.46,,,,,,,,,,0,0,0,4.1,29.8,0.2,,,
Jack Stoll,TE,CLE,7.5,0.44,,,,,,,,,,3.6,30.3,0.2,0,,,,,
Patrick Ricard,RB,NYG,7.4,0.44,,,,,,,,,,0,0,0,4,26.9,0.1,,,
Kendre Miller,RB,NO,7.2,0.42,,,,,,,,,,12.9,54.8,0.3,0,0,0,,,
Will Howard,QB,PIT,6.7,0.39,,,,,,,,,,14,8.7,95.7,0.7,0.3,1.3,5,0,0
Kaden Wetjen,WR,PIT,5.6,0.33,,,,,,,,,,1.6,18.8,0.1,2.1,11.7,0.1,0,,
Mason Rudolph,QB,PIT,5.5,0.32,,,,,,,,,,10.5,6.5,67,0.5,0,2,8.5,0,0
Brady Cook,QB,NYJ,5,0.29,,,,,,,,,,10,6.5,60,0.5,0.5,2,10.5,0,0
Kaleb Johnson,RB,PIT,4.8,0.28,,,,,,,,,,8.6,35.8,0.2,0,0,0,,,
Arian Smith,WR,NYJ,3.4,0.20,,,,,,,,,,0,0,0,4.3,23.7,0.2,0,,
British Brooks,RB,HOU,2.4,0.14,,,,,,,,,,4.2,18,0.1,0,0,0,,,
JuJu Smith-Schuster,WR,NYG,1.6,0.09,,,,,,,,,,0.7,6.4,0,0,0,0,0,,
Bam Knight,RB,ARI,0,0.00,,,,,,,,,,0,0,0,0,0,0,,,
Devin Duvernay,WR,ARI,0,0.00,,,,,,,,,,0,0,0,0,0,0,0,,
Jalen Brooks,WR,ARI,0,0.00,,,,,,,,,,0,0,0,0,0,0,0,,
Trey Benson,RB,ARI,0,0.00,,,,,,,,,,0,0,0,0,0,0,,,
LaJohntay Wester,WR,BAL,0,0.00,,,,,,,,,,0,0,0,0,0,0,0,,
Rasheen Ali,RB,BAL,0,0.00,,,,,,,,,,0,0,0,0,0,0,,,
David Moore,WR,CAR,0,0.00,,,,,,,,,,0,0,0,0,0,0,0,,
Charlie Jones,WR,CIN,0,0.00,,,,,,,,,,0,0,0,0,0,0,0,,
Josh Johnson,QB,CIN,0,0.00,,,,,,,,,,0,0,0,0,0,0,0,0,0
Ke'Shawn Williams,WR,CIN,0,0.00,,,,,,,,,,0,0,0,0,0,0,0,,
Blake Whiteheart,TE,CLE,0,0.00,,,,,,,,,,0,0,0,0,,,,,
Gage Larvadain,WR,CLE,0,0.00,,,,,,,,,,0,0,0,0,0,0,0,,
Michael Bandy,WR,DEN,0,0.00,,,,,,,,,,0,0,0,0,0,0,0,,
Jacob Saylors,RB,DET,0,0.00,,,,,,,,,,0,0,0,0,0,0,,,
Skyy Moore,WR,GB,0,0.00,,,,,,,,,,0,0,0,0,0,0,0,,
DeeJay Dallas,RB,JAX,0,0.00,,,,,,,,,,0,0,0,0,0,0,,,
Josh Cameron,WR,JAX,0,0.00,,,,,,,,,,0,0,0,0,0,0,0,,
Quintin Morris,TE,JAX,0,0.00,,,,,,,,,,0,0,0,0,,,,,
Nikko Remigio,WR,KC,0,0.00,,,,,,,,,,0,0,0,0,0,0,0,,
Stetson Bennett IV,QB,LAR,0,0.00,,,,,,,,,,0,0,0,0,0,0,0,0,0
Aidan O'Connell,QB,LV,0,0.00,,,,,,,,,,0,0,0,0,0,0,0,0,0
Dareke Young,WR,LV,0,0.00,,,,,,,,,,0,0,0,0,0,0,0,,
Dylan Laube,RB,LV,0,0.00,,,,,,,,,,0,0,0,0,0,0,,,
Jeshaun Jones,WR,MIN,0,0.00,,,,,,,,,,0,0,0,0,0,0,0,,
Myles Price,WR,MIN,0,0.00,,,,,,,,,,0,0,0,0,0,0,0,,
Zavier Scott,RB,MIN,0,0.00,,,,,,,,,,0,0,0,0,0,0,,,
Efton Chism III,WR,NE,0,0.00,,,,,,,,,,0,0,0,0,0,0,0,,
Julian Hill,TE,NE,0,0.00,,,,,,,,,,0,0,0,0,,,,,
Mason Tipton,WR,NO,0,0.00,,,,,,,,,,0,0,0,0,0,0,0,,
Tanner Brown,K,NO,0,0.00,,,,,,,,,,0,0,0,,,,,,
Braxton Berrios,WR,NYG,0,0.00,,,,,,,,,,0,0,0,0,0,0,0,,
Jelani Woods,TE,NYJ,0,0.00,,,,,,,,,,0,0,0,0,,,,,
Kene Nwangwu,RB,NYJ,0,0.00,,,,,,,,,,0,0,0,0,0,0,,,
Britain Covey,WR,PHI,0,0.00,,,,,,,,,,0,0,0,0,0,0,0,,
Jacob Cowing,WR,SF,0,0.00,,,,,,,,,,0,0,0,0,0,0,0,,
Mason Kinsey,WR,TEN,0,0.00,,,,,,,,,,0,0,0,0,0,0,0,,
,,,,,,,,,,,,,,,,,,,,,,
